passenger_id,name,gender,age,country
1,Sophia Patel,Male,65,France
2,Arjun Khan,Male,65,UK
3,Sophia Lee,Male,55,Singapore
4,Aarav Sharma,Male,31,Canada
5,Emma Thomas,Male,53,Canada
6,Ava Martin,Female,32,UAE
7,Olivia Singh,Male,66,USA
8,Ava Wilson,Female,35,USA
9,Arjun Garcia,Female,24,UK
10,Krishna Patel,Female,40,Italy
11,Reyansh Garcia,Male,64,UAE
12,Emma Patel,Female,23,Australia
13,Reyansh Chen,Female,54,Canada
14,Ava Patel,Male,60,Canada
15,Isabella Singh,Male,32,UK
16,Krishna Singh,Female,58,Germany
17,Aditya Brown,Female,31,France
18,Ava Rossi,Male,56,USA
19,Emma Lee,Male,28,UAE
20,Krishna Singh,Male,61,Germany
21,Mia Garcia,Male,32,India
22,Isabella Brown,Female,35,UK
23,Arjun Rossi,Female,31,UAE
24,Krishna Rossi,Female,27,France
25,Aditya Khan,Female,65,Italy
26,Krishna Rossi,Female,41,Canada
27,Aditya Anderson,Female,23,India
28,Mia Patel,Male,58,USA
29,Isabella Martin,Female,56,UK
30,Krishna Wilson,Female,51,France
31,Emma Chen,Male,61,UK
32,Sophia Rossi,Female,67,Germany
33,Vivaan Singh,Female,28,UAE
34,Aarav Lee,Female,50,USA
35,Emma Rossi,Male,58,France
36,Mia Martin,Male,27,Germany
37,Isabella Gupta,Male,56,Germany
38,Ishaan Sharma,Male,41,France
39,Arjun Sharma,Male,54,UK
40,Vivaan Lee,Female,70,UK
41,Isabella Anderson,Male,26,UAE
42,Emma Gupta,Female,51,Italy
43,Krishna Khan,Male,63,France
44,Krishna Martin,Female,46,Australia
45,Ishaan Patel,Male,32,UK
46,Ayaan Sharma,Male,55,Canada
47,Aarav Patel,Male,32,UK
48,Amelia Sharma,Female,22,Australia
49,Arjun Singh,Female,31,Australia
50,Aditya Lee,Female,33,UAE
51,Isabella Wilson,Male,24,UK
52,Sophia Wilson,Female,45,Singapore
53,Ishaan Chen,Male,61,UK
54,Aarav Wilson,Female,69,UK
55,Arjun Khan,Male,52,UAE
56,Aditya Wilson,Male,35,UAE
57,Arjun Chen,Male,46,Australia
58,Vivaan Sharma,Male,23,Canada
59,Aditya Wilson,Female,48,Canada
60,Mia Wilson,Male,28,Singapore
61,Aarav Wilson,Female,68,UAE
62,Reyansh Wilson,Female,27,Canada
63,Reyansh Khan,Male,55,Australia
64,Aarav Lee,Female,21,India
65,Olivia Taylor,Male,21,Australia
66,Vivaan Chen,Male,22,Italy
67,Vivaan Martin,Male,43,UK
68,Amelia Thomas,Male,55,Italy
69,Aarav Thomas,Male,44,Italy
70,Olivia Anderson,Female,34,Canada
71,Sophia Lee,Female,33,France
72,Krishna Gupta,Female,47,Germany
73,Amelia Garcia,Male,18,UAE
74,Olivia Thomas,Male,22,Australia
75,Arjun Anderson,Female,26,Germany
76,Amelia Patel,Male,41,France
77,Aditya Taylor,Female,57,Australia
78,Aarav Martin,Female,60,UK
79,Amelia Gupta,Female,25,UK
80,Ava Anderson,Male,35,France
81,Olivia Khan,Female,31,France
82,Emma Taylor,Female,21,UK
83,Sophia Wilson,Female,20,India
84,Ayaan Garcia,Male,58,France
85,Aditya Lee,Female,53,Singapore
86,Emma Sharma,Male,22,USA
87,Emma Sharma,Female,55,Australia
88,Aditya Wilson,Male,20,France
89,Ayaan Rossi,Male,40,Canada
90,Sophia Khan,Male,40,Australia
91,Amelia Chen,Female,57,USA
92,Amelia Rossi,Male,28,USA
93,Amelia Wilson,Male,29,Germany
94,Isabella Rossi,Female,69,Canada
95,Reyansh Gupta,Male,42,India
96,Mia Taylor,Male,30,UAE
97,Ayaan Singh,Male,32,India
98,Sophia Khan,Female,39,France
99,Mia Patel,Female,40,Australia
100,Krishna Martin,Female,19,UK
101,Amelia Singh,Male,55,France
102,Aarav Patel,Female,40,Germany
103,Krishna Thomas,Male,42,Italy
104,Arjun Singh,Male,63,Singapore
105,Aarav Anderson,Male,41,Singapore
106,Vivaan Martin,Female,57,Germany
107,Sophia Chen,Male,64,France
108,Emma Singh,Female,38,Singapore
109,Ava Singh,Male,30,Singapore
110,Sophia Wilson,Male,57,Italy
111,Reyansh Wilson,Male,37,France
112,Arjun Wilson,Female,47,UAE
113,Ishaan Martin,Male,50,UAE
114,Isabella Rossi,Male,60,UK
115,Reyansh Anderson,Female,23,Canada
116,Sophia Singh,Male,69,Canada
117,Aditya Sharma,Male,33,UAE
118,Olivia Chen,Male,47,Singapore
119,Amelia Martin,Male,63,Singapore
120,Ishaan Wilson,Male,27,India
121,Amelia Garcia,Male,67,Singapore
122,Arjun Gupta,Female,21,Australia
123,Arjun Rossi,Male,47,USA
124,Isabella Taylor,Female,66,UAE
125,Olivia Chen,Female,53,UAE
126,Amelia Gupta,Female,46,France
127,Isabella Khan,Female,67,Australia
128,Ishaan Martin,Male,35,UAE
129,Vivaan Lee,Female,33,France
130,Ayaan Brown,Male,26,USA
131,Arjun Wilson,Male,63,Canada
132,Vivaan Wilson,Female,39,Australia
133,Ishaan Wilson,Male,31,Singapore
134,Krishna Rossi,Male,66,Italy
135,Krishna Taylor,Male,40,France
136,Isabella Wilson,Female,52,Australia
137,Isabella Thomas,Male,49,Canada
138,Reyansh Wilson,Female,19,Singapore
139,Ayaan Martin,Female,64,USA
140,Mia Taylor,Male,57,Australia
141,Aarav Rossi,Female,55,Italy
142,Sophia Sharma,Male,59,Singapore
143,Aditya Chen,Female,29,India
144,Reyansh Wilson,Female,31,UAE
145,Ayaan Brown,Female,35,Singapore
146,Reyansh Chen,Male,48,India
147,Ava Anderson,Male,40,Canada
148,Sophia Patel,Male,66,India
149,Arjun Khan,Male,57,USA
150,Arjun Gupta,Female,60,UK
151,Olivia Khan,Female,62,France
152,Isabella Brown,Male,56,Italy
153,Ava Lee,Male,67,USA
154,Reyansh Patel,Male,37,Italy
155,Sophia Rossi,Female,43,Canada
156,Vivaan Thomas,Male,24,France
157,Mia Martin,Male,68,Italy
158,Isabella Sharma,Female,52,Singapore
159,Sophia Brown,Male,50,Germany
160,Aarav Chen,Female,70,UAE
161,Vivaan Wilson,Female,58,UAE
162,Ava Gupta,Female,29,Australia
163,Sophia Singh,Female,47,Singapore
164,Mia Lee,Female,38,Canada
165,Mia Rossi,Male,35,UAE
166,Arjun Garcia,Female,54,Italy
167,Sophia Wilson,Female,19,UAE
168,Mia Brown,Male,49,Canada
169,Ayaan Garcia,Female,39,France
170,Amelia Thomas,Female,53,India
171,Emma Khan,Male,33,Singapore
172,Ishaan Anderson,Male,62,UAE
173,Sophia Lee,Female,46,India
174,Vivaan Singh,Male,43,Canada
175,Reyansh Martin,Female,48,Australia
176,Emma Brown,Female,65,Australia
177,Ayaan Brown,Female,35,France
178,Reyansh Khan,Male,64,Canada
179,Ayaan Patel,Male,30,Canada
180,Ava Taylor,Female,64,Italy
181,Isabella Anderson,Female,24,Canada
182,Reyansh Khan,Female,29,France
183,Aarav Lee,Male,35,India
184,Aarav Anderson,Female,62,USA
185,Sophia Chen,Female,24,India
186,Olivia Singh,Female,48,UAE
187,Ayaan Gupta,Male,34,UAE
188,Vivaan Chen,Male,43,UAE
189,Vivaan Thomas,Male,27,USA
190,Isabella Thomas,Female,23,Canada
191,Vivaan Anderson,Female,56,Italy
192,Isabella Thomas,Male,67,Australia
193,Krishna Taylor,Female,37,Italy
194,Krishna Singh,Male,57,UK
195,Isabella Khan,Male,34,UK
196,Aditya Khan,Male,53,UK
197,Aditya Sharma,Female,46,Italy
198,Ishaan Singh,Male,32,France
199,Ava Singh,Female,22,Canada
200,Amelia Singh,Male,45,UK
201,Emma Khan,Male,35,USA
202,Vivaan Sharma,Male,68,France
203,Olivia Lee,Female,46,UK
204,Ishaan Lee,Female,62,Singapore
205,Reyansh Anderson,Female,46,UK
206,Olivia Sharma,Female,65,Germany
207,Olivia Singh,Male,23,Canada
208,Sophia Chen,Male,66,France
209,Olivia Sharma,Male,48,Australia
210,Sophia Taylor,Female,29,Italy
211,Krishna Martin,Female,23,UAE
212,Ayaan Wilson,Female,38,UK
213,Mia Gupta,Female,44,UAE
214,Reyansh Martin,Female,70,Australia
215,Aarav Taylor,Male,38,France
216,Ayaan Patel,Female,50,India
217,Sophia Chen,Female,44,India
218,Arjun Anderson,Female,57,UAE
219,Sophia Taylor,Male,31,France
220,Emma Gupta,Female,46,UAE
221,Vivaan Sharma,Male,63,USA
222,Reyansh Anderson,Male,53,Singapore
223,Vivaan Khan,Male,47,UK
224,Sophia Chen,Male,49,France
225,Emma Lee,Female,44,UAE
226,Ishaan Khan,Female,53,USA
227,Krishna Khan,Male,22,France
228,Isabella Garcia,Female,39,Australia
229,Reyansh Chen,Male,36,France
230,Mia Thomas,Female,27,UAE
231,Emma Taylor,Female,39,Australia
232,Isabella Anderson,Female,47,Germany
233,Mia Khan,Male,54,Singapore
234,Arjun Chen,Female,20,Germany
235,Ava Taylor,Female,42,USA
236,Ishaan Sharma,Male,50,Italy
237,Ayaan Chen,Male,46,UK
238,Emma Rossi,Female,18,USA
239,Krishna Chen,Male,22,UAE
240,Isabella Singh,Female,57,Singapore
241,Sophia Patel,Female,61,Australia
242,Krishna Brown,Female,52,India
243,Olivia Patel,Male,58,France
244,Arjun Lee,Male,45,UK
245,Isabella Martin,Male,46,USA
246,Ava Singh,Male,20,Germany
247,Isabella Sharma,Female,40,Germany
248,Krishna Gupta,Male,51,Singapore
249,Olivia Martin,Male,28,USA
250,Vivaan Thomas,Female,57,Canada
251,Ishaan Rossi,Male,32,UAE
252,Sophia Singh,Female,34,India
253,Amelia Garcia,Female,36,Australia
254,Aditya Patel,Female,40,Italy
255,Reyansh Martin,Female,62,France
256,Ishaan Chen,Female,30,Singapore
257,Mia Taylor,Male,33,Singapore
258,Olivia Brown,Female,62,France
259,Aarav Chen,Female,35,India
260,Olivia Chen,Male,56,UAE
261,Mia Rossi,Female,67,Canada
262,Olivia Garcia,Female,32,Canada
263,Olivia Singh,Male,58,UK
264,Amelia Martin,Male,37,UAE
265,Aarav Thomas,Female,64,USA
266,Vivaan Rossi,Female,38,Singapore
267,Aditya Khan,Male,68,Australia
268,Amelia Brown,Female,28,France
269,Amelia Chen,Female,69,France
270,Ava Chen,Female,69,UK
271,Ishaan Patel,Male,66,Canada
272,Mia Martin,Female,69,Australia
273,Ayaan Patel,Female,18,France
274,Emma Patel,Female,41,France
275,Olivia Wilson,Female,24,Canada
276,Ishaan Sharma,Female,57,Canada
277,Sophia Patel,Female,62,France
278,Sophia Wilson,Male,26,India
279,Aarav Singh,Female,25,UK
280,Arjun Rossi,Male,42,UAE
281,Ayaan Martin,Female,55,USA
282,Amelia Wilson,Male,49,Italy
283,Krishna Singh,Male,62,Germany
284,Arjun Taylor,Female,33,Germany
285,Vivaan Martin,Female,52,Germany
286,Aarav Wilson,Female,30,UK
287,Mia Chen,Female,23,Canada
288,Sophia Martin,Male,21,Germany
289,Arjun Gupta,Male,22,Australia
290,Arjun Thomas,Male,70,Canada
291,Ayaan Garcia,Male,68,Italy
292,Aarav Singh,Male,26,Australia
293,Reyansh Garcia,Male,25,India
294,Aditya Sharma,Female,68,Canada
295,Olivia Brown,Male,29,France
296,Aarav Gupta,Female,51,UK
297,Ava Patel,Female,46,Germany
298,Emma Thomas,Male,46,Australia
299,Arjun Thomas,Male,64,Australia
300,Reyansh Taylor,Male,21,UAE
301,Mia Wilson,Female,61,UK
302,Ishaan Lee,Female,22,UK
303,Ayaan Thomas,Male,22,USA
304,Reyansh Thomas,Female,42,Italy
305,Emma Singh,Female,50,Italy
306,Krishna Patel,Male,59,Australia
307,Ava Chen,Male,45,UAE
308,Amelia Khan,Female,39,UAE
309,Krishna Wilson,Male,38,Singapore
310,Ayaan Martin,Female,41,USA
311,Sophia Rossi,Female,22,UK
312,Mia Patel,Male,45,UK
313,Ava Lee,Female,69,USA
314,Emma Sharma,Female,60,UK
315,Krishna Brown,Female,64,India
316,Reyansh Thomas,Female,40,UK
317,Olivia Anderson,Male,27,UAE
318,Arjun Chen,Male,40,Australia
319,Ayaan Patel,Female,54,Canada
320,Isabella Wilson,Male,56,France
321,Aarav Gupta,Female,62,France
322,Amelia Brown,Female,18,USA
323,Mia Gupta,Female,22,USA
324,Ava Martin,Male,23,Australia
325,Arjun Wilson,Female,47,Germany
326,Aditya Brown,Female,64,Germany
327,Isabella Thomas,Male,21,USA
328,Aditya Garcia,Male,61,UK
329,Reyansh Taylor,Female,49,Italy
330,Ishaan Wilson,Female,31,Australia
331,Vivaan Brown,Female,25,France
332,Sophia Martin,Female,51,France
333,Aarav Khan,Female,56,India
334,Aarav Khan,Female,31,USA
335,Isabella Singh,Female,38,UK
336,Aarav Taylor,Female,29,USA
337,Krishna Anderson,Male,50,Australia
338,Mia Martin,Female,22,Singapore
339,Mia Lee,Male,45,India
340,Ishaan Rossi,Male,38,Italy
341,Krishna Thomas,Female,63,Singapore
342,Reyansh Patel,Female,19,Germany
343,Aditya Garcia,Female,62,Germany
344,Vivaan Wilson,Male,33,Singapore
345,Olivia Wilson,Male,43,France
346,Ava Brown,Male,39,USA
347,Vivaan Anderson,Male,51,Australia
348,Arjun Rossi,Female,40,USA
349,Arjun Patel,Male,34,Canada
350,Aditya Thomas,Male,66,UK
351,Aditya Garcia,Female,47,Italy
352,Isabella Thomas,Female,61,Italy
353,Sophia Martin,Female,58,Germany
354,Aditya Taylor,Male,48,UAE
355,Sophia Singh,Female,55,India
356,Ayaan Anderson,Male,37,UAE
357,Ishaan Sharma,Male,41,France
358,Vivaan Martin,Male,57,Italy
359,Emma Wilson,Female,55,Australia
360,Isabella Lee,Male,46,Italy
361,Sophia Khan,Female,56,UAE
362,Emma Gupta,Male,46,UK
363,Isabella Rossi,Female,63,UK
364,Emma Martin,Male,20,Canada
365,Ava Taylor,Female,51,Australia
366,Olivia Gupta,Female,41,France
367,Krishna Wilson,Female,61,Italy
368,Aarav Garcia,Female,22,Germany
369,Vivaan Anderson,Female,36,France
370,Ava Chen,Male,39,UK
371,Olivia Martin,Male,40,France
372,Sophia Lee,Female,26,Italy
373,Ava Patel,Female,53,Singapore
374,Sophia Garcia,Female,70,USA
375,Sophia Lee,Male,59,Singapore
376,Emma Brown,Male,41,France
377,Aditya Khan,Female,67,UAE
378,Arjun Khan,Male,27,UK
379,Reyansh Chen,Male,50,Australia
380,Mia Lee,Male,60,Germany
381,Amelia Garcia,Male,56,Singapore
382,Aditya Gupta,Male,62,Italy
383,Isabella Rossi,Male,64,UAE
384,Aarav Wilson,Female,61,Canada
385,Ishaan Thomas,Female,66,UAE
386,Arjun Anderson,Male,37,UAE
387,Amelia Chen,Male,41,Italy
388,Ishaan Taylor,Female,67,Singapore
389,Emma Anderson,Female,28,Canada
390,Isabella Thomas,Male,34,India
391,Sophia Taylor,Female,53,UK
392,Ava Chen,Male,36,UK
393,Isabella Gupta,Female,46,Australia
394,Aditya Chen,Female,23,Canada
395,Mia Taylor,Female,19,Singapore
396,Aarav Wilson,Female,33,Singapore
397,Vivaan Brown,Male,19,Germany
398,Amelia Patel,Female,68,USA
399,Aditya Sharma,Female,48,USA
400,Isabella Lee,Female,46,Italy
401,Aarav Rossi,Male,19,France
402,Arjun Chen,Male,53,Italy
403,Emma Wilson,Male,67,France
404,Arjun Singh,Male,21,Canada
405,Krishna Martin,Female,22,UK
406,Mia Rossi,Female,56,Australia
407,Aarav Martin,Male,63,USA
408,Reyansh Wilson,Male,57,Germany
409,Arjun Thomas,Female,29,UK
410,Emma Brown,Male,51,Australia
411,Emma Garcia,Male,42,UAE
412,Aarav Martin,Female,41,France
413,Ava Sharma,Female,68,UK
414,Ayaan Khan,Male,67,Italy
415,Ava Garcia,Female,26,India
416,Ayaan Anderson,Female,70,USA
417,Mia Garcia,Female,62,UAE
418,Sophia Gupta,Male,22,UAE
419,Aarav Singh,Male,20,Canada
420,Amelia Sharma,Female,37,Australia
421,Krishna Chen,Female,34,India
422,Isabella Martin,Male,36,Germany
423,Mia Garcia,Male,59,Germany
424,Reyansh Patel,Female,45,Singapore
425,Ava Taylor,Female,39,USA
426,Ishaan Lee,Female,41,Australia
427,Reyansh Garcia,Male,64,Singapore
428,Vivaan Wilson,Male,52,France
429,Ayaan Patel,Male,38,France
430,Reyansh Taylor,Female,28,UAE
431,Ayaan Taylor,Male,64,Germany
432,Olivia Wilson,Female,58,India
433,Vivaan Martin,Female,41,Australia
434,Isabella Lee,Male,19,USA
435,Mia Thomas,Female,20,USA
436,Vivaan Khan,Female,41,Singapore
437,Olivia Sharma,Male,61,UAE
438,Ayaan Brown,Female,66,UK
439,Olivia Gupta,Female,43,Germany
440,Sophia Singh,Male,25,India
441,Ava Gupta,Female,51,Singapore
442,Amelia Anderson,Male,34,France
443,Ava Taylor,Male,57,France
444,Ava Rossi,Female,30,UK
445,Aditya Chen,Male,46,USA
446,Amelia Lee,Female,23,Germany
447,Sophia Brown,Male,53,Australia
448,Reyansh Rossi,Female,28,USA
449,Isabella Brown,Male,25,Canada
450,Isabella Gupta,Male,68,UAE
451,Aarav Brown,Female,47,Australia
452,Aditya Thomas,Male,22,France
453,Krishna Lee,Female,51,Singapore
454,Isabella Wilson,Male,26,Germany
455,Sophia Patel,Female,47,Australia
456,Ayaan Gupta,Male,67,USA
457,Krishna Anderson,Male,25,Australia
458,Aditya Singh,Male,28,Germany
459,Amelia Lee,Male,40,Australia
460,Amelia Singh,Male,34,Canada
461,Sophia Anderson,Female,26,France
462,Olivia Anderson,Male,50,USA
463,Olivia Thomas,Male,28,Italy
464,Ava Rossi,Female,54,India
465,Mia Chen,Male,23,India
466,Sophia Garcia,Female,59,Canada
467,Isabella Thomas,Female,57,India
468,Ishaan Rossi,Female,59,France
469,Ishaan Khan,Female,37,UAE
470,Vivaan Lee,Male,28,UAE
471,Krishna Taylor,Female,31,Germany
472,Olivia Gupta,Female,63,Germany
473,Ava Chen,Female,43,USA
474,Isabella Brown,Male,38,Canada
475,Ishaan Patel,Female,46,Canada
476,Aditya Patel,Male,36,Singapore
477,Mia Thomas,Female,33,USA
478,Mia Brown,Female,30,USA
479,Ishaan Anderson,Female,49,France
480,Ishaan Sharma,Male,43,Australia
481,Ishaan Khan,Male,55,Germany
482,Aarav Sharma,Female,49,Italy
483,Amelia Chen,Female,36,Australia
484,Aarav Chen,Male,45,USA
485,Amelia Singh,Female,66,Singapore
486,Ayaan Sharma,Female,21,Italy
487,Emma Khan,Female,53,France
488,Vivaan Wilson,Female,66,Australia
489,Reyansh Chen,Male,26,UK
490,Krishna Brown,Female,53,Germany
491,Isabella Gupta,Male,56,Australia
492,Krishna Anderson,Male,20,India
493,Aditya Lee,Female,69,UAE
494,Emma Taylor,Male,56,Australia
495,Aditya Brown,Female,28,Singapore
496,Olivia Lee,Female,55,Germany
497,Emma Chen,Female,63,Italy
498,Reyansh Taylor,Male,41,Germany
499,Sophia Patel,Female,55,France
500,Isabella Rossi,Male,56,UAE
501,Reyansh Martin,Male,64,India
502,Olivia Taylor,Male,51,Italy
503,Isabella Chen,Female,27,Canada
504,Aarav Thomas,Male,30,India
505,Ishaan Brown,Female,27,Singapore
506,Ava Khan,Female,50,Italy
507,Amelia Taylor,Male,63,USA
508,Emma Khan,Female,60,UAE
509,Emma Wilson,Female,29,UAE
510,Amelia Anderson,Female,52,Germany
511,Sophia Garcia,Female,57,UAE
512,Arjun Khan,Female,53,France
513,Arjun Singh,Female,63,Canada
514,Ava Lee,Female,38,UAE
515,Ayaan Anderson,Female,36,UK
516,Olivia Martin,Female,43,Germany
517,Isabella Garcia,Male,36,India
518,Reyansh Lee,Male,40,UAE
519,Sophia Singh,Female,31,Canada
520,Mia Anderson,Female,53,France
521,Aditya Patel,Male,33,India
522,Sophia Rossi,Male,58,Canada
523,Aarav Patel,Female,39,UAE
524,Vivaan Martin,Male,18,Australia
525,Amelia Gupta,Female,59,UAE
526,Ishaan Martin,Male,66,France
527,Ayaan Singh,Male,67,UK
528,Sophia Thomas,Male,52,India
529,Amelia Rossi,Male,44,USA
530,Amelia Rossi,Male,43,UAE
531,Aditya Rossi,Female,20,India
532,Reyansh Thomas,Male,39,France
533,Ishaan Martin,Female,26,Australia
534,Ishaan Singh,Male,69,UK
535,Ayaan Gupta,Female,59,France
536,Ava Gupta,Male,65,Germany
537,Isabella Singh,Male,29,Italy
538,Mia Martin,Female,70,Singapore
539,Emma Brown,Male,43,UK
540,Aditya Gupta,Female,38,Canada
541,Aarav Singh,Female,33,UAE
542,Isabella Singh,Female,37,Italy
543,Ava Thomas,Male,34,Germany
544,Ava Khan,Male,60,UK
545,Ishaan Singh,Male,43,Australia
546,Amelia Rossi,Female,62,UK
547,Sophia Rossi,Female,41,Italy
548,Arjun Khan,Male,48,USA
549,Ishaan Lee,Female,44,Australia
550,Amelia Taylor,Male,66,Canada
551,Sophia Garcia,Male,51,UAE
552,Emma Lee,Female,22,Italy
553,Vivaan Sharma,Male,54,Australia
554,Aditya Gupta,Female,51,UAE
555,Vivaan Martin,Male,63,Italy
556,Ishaan Patel,Female,69,India
557,Ishaan Gupta,Female,47,Italy
558,Aarav Anderson,Female,61,France
559,Ava Sharma,Female,34,India
560,Ava Khan,Male,20,Singapore
561,Ayaan Lee,Male,52,India
562,Amelia Rossi,Male,48,India
563,Reyansh Wilson,Male,67,USA
564,Isabella Martin,Female,41,Singapore
565,Ishaan Chen,Female,42,UK
566,Sophia Martin,Male,59,Germany
567,Vivaan Gupta,Female,51,USA
568,Ava Khan,Male,66,India
569,Reyansh Taylor,Female,52,Singapore
570,Mia Khan,Male,47,Germany
571,Aditya Singh,Male,64,UK
572,Aarav Garcia,Female,57,India
573,Arjun Khan,Male,24,Italy
574,Aarav Taylor,Male,33,India
575,Krishna Taylor,Male,52,Canada
576,Isabella Chen,Male,26,Australia
577,Reyansh Khan,Female,54,Italy
578,Isabella Martin,Female,33,France
579,Amelia Gupta,Male,44,France
580,Reyansh Sharma,Male,58,Singapore
581,Emma Taylor,Male,40,Singapore
582,Isabella Anderson,Female,62,Singapore
583,Krishna Gupta,Female,42,USA
584,Isabella Anderson,Female,33,Canada
585,Reyansh Chen,Male,69,UAE
586,Amelia Sharma,Female,44,Australia
587,Emma Gupta,Female,33,France
588,Arjun Brown,Male,46,Germany
589,Vivaan Anderson,Male,21,France
590,Krishna Martin,Male,22,Canada
591,Isabella Garcia,Male,48,Canada
592,Mia Rossi,Female,37,India
593,Arjun Rossi,Male,65,UK
594,Ava Garcia,Female,33,Italy
595,Ava Khan,Female,33,Australia
596,Ayaan Garcia,Female,42,UAE
597,Emma Martin,Female,37,France
598,Ayaan Anderson,Female,47,UK
599,Isabella Lee,Female,66,Germany
600,Amelia Khan,Female,38,Singapore
601,Aarav Thomas,Male,65,USA
602,Aarav Singh,Female,36,USA
603,Arjun Brown,Male,42,Italy
604,Mia Khan,Female,53,Germany
605,Reyansh Garcia,Female,64,UAE
606,Ishaan Gupta,Female,28,USA
607,Ava Anderson,Female,29,Australia
608,Sophia Sharma,Male,22,India
609,Isabella Sharma,Female,26,Canada
610,Vivaan Lee,Male,18,Canada
611,Emma Taylor,Female,21,Italy
612,Sophia Martin,Female,60,UAE
613,Aarav Sharma,Female,18,India
614,Emma Lee,Female,52,France
615,Aarav Anderson,Female,69,USA
616,Vivaan Rossi,Male,51,USA
617,Arjun Khan,Female,70,Germany
618,Reyansh Garcia,Female,23,Germany
619,Krishna Taylor,Male,62,Canada
620,Reyansh Martin,Male,59,India
621,Vivaan Wilson,Female,42,Australia
622,Ishaan Sharma,Male,62,USA
623,Vivaan Taylor,Female,59,Germany
624,Olivia Chen,Male,51,India
625,Arjun Khan,Female,35,India
626,Amelia Patel,Female,52,Italy
627,Sophia Sharma,Male,38,India
628,Arjun Thomas,Male,66,Singapore
629,Amelia Patel,Female,28,Italy
630,Arjun Thomas,Female,61,Australia
631,Ayaan Wilson,Male,68,UK
632,Emma Lee,Female,21,UK
633,Krishna Khan,Male,39,Italy
634,Isabella Thomas,Female,67,Germany
635,Aarav Martin,Female,68,UAE
636,Ishaan Khan,Female,53,Singapore
637,Krishna Gupta,Female,23,Italy
638,Reyansh Garcia,Male,63,UK
639,Vivaan Singh,Male,42,USA
640,Ava Wilson,Female,41,UK
641,Vivaan Sharma,Female,46,Germany
642,Isabella Singh,Male,26,UK
643,Aditya Wilson,Female,53,Australia
644,Emma Wilson,Male,19,UK
645,Ayaan Anderson,Male,56,Italy
646,Isabella Brown,Female,18,France
647,Krishna Wilson,Male,64,Australia
648,Amelia Khan,Male,61,Singapore
649,Aditya Gupta,Female,37,France
650,Ishaan Gupta,Male,28,Singapore
651,Reyansh Wilson,Female,48,UK
652,Ayaan Singh,Male,64,UAE
653,Olivia Thomas,Male,47,UK
654,Aditya Singh,Male,43,Germany
655,Mia Thomas,Female,69,Germany
656,Ishaan Brown,Female,70,Italy
657,Aditya Singh,Female,56,Canada
658,Ishaan Brown,Male,43,Germany
659,Reyansh Lee,Female,54,Canada
660,Ayaan Wilson,Female,70,Singapore
661,Ayaan Patel,Male,55,Australia
662,Aditya Martin,Male,64,UAE
663,Ava Khan,Female,69,France
664,Mia Lee,Male,70,Singapore
665,Sophia Taylor,Male,58,France
666,Arjun Singh,Male,63,Singapore
667,Isabella Wilson,Male,46,Italy
668,Ishaan Thomas,Female,52,Australia
669,Amelia Rossi,Female,52,India
670,Isabella Brown,Male,24,Canada
671,Sophia Martin,Female,28,Italy
672,Aarav Thomas,Female,66,Germany
673,Isabella Wilson,Male,18,UK
674,Reyansh Khan,Male,46,Germany
675,Krishna Taylor,Male,40,India
676,Ishaan Patel,Female,44,UK
677,Vivaan Chen,Male,40,France
678,Ayaan Taylor,Male,51,UAE
679,Ayaan Taylor,Male,46,UAE
680,Ayaan Patel,Female,20,UK
681,Aarav Chen,Female,59,UK
682,Sophia Garcia,Male,65,Canada
683,Emma Gupta,Male,39,Australia
684,Krishna Taylor,Male,69,Singapore
685,Sophia Gupta,Male,58,Singapore
686,Krishna Sharma,Male,46,Italy
687,Krishna Wilson,Male,63,Canada
688,Arjun Singh,Male,54,UK
689,Isabella Chen,Male,41,Germany
690,Arjun Taylor,Male,34,UAE
691,Emma Martin,Female,56,Singapore
692,Olivia Wilson,Male,40,Germany
693,Mia Taylor,Male,70,France
694,Amelia Thomas,Male,61,USA
695,Ayaan Patel,Male,37,UK
696,Aditya Brown,Male,50,Singapore
697,Krishna Thomas,Male,54,Singapore
698,Krishna Gupta,Female,58,Australia
699,Ava Rossi,Male,53,USA
700,Ishaan Singh,Male,29,Germany
701,Mia Taylor,Male,40,India
702,Ishaan Gupta,Male,70,Singapore
703,Emma Anderson,Female,44,UAE
704,Krishna Lee,Female,49,USA
705,Vivaan Thomas,Male,68,Canada
706,Reyansh Sharma,Female,32,Australia
707,Reyansh Gupta,Female,54,UAE
708,Emma Anderson,Male,54,UK
709,Reyansh Garcia,Female,52,India
710,Isabella Lee,Female,52,Canada
711,Krishna Patel,Male,37,India
712,Ishaan Singh,Female,70,UK
713,Ishaan Chen,Male,67,Canada
714,Arjun Garcia,Female,63,Italy
715,Sophia Wilson,Male,57,USA
716,Isabella Khan,Male,69,India
717,Olivia Brown,Female,56,Australia
718,Aditya Brown,Female,36,Italy
719,Reyansh Chen,Male,26,Singapore
720,Amelia Sharma,Female,59,USA
721,Ava Chen,Male,33,USA
722,Ava Brown,Male,66,Singapore
723,Ishaan Gupta,Female,58,Singapore
724,Krishna Taylor,Male,58,UK
725,Krishna Anderson,Female,62,Germany
726,Ishaan Taylor,Female,55,India
727,Mia Garcia,Male,64,UAE
728,Sophia Martin,Female,22,Australia
729,Krishna Khan,Female,70,Canada
730,Ishaan Singh,Female,36,Germany
731,Emma Thomas,Male,54,UAE
732,Isabella Brown,Male,20,UK
733,Sophia Garcia,Female,19,UK
734,Amelia Chen,Male,46,UAE
735,Aarav Wilson,Male,62,USA
736,Amelia Martin,Female,28,France
737,Vivaan Martin,Female,34,UK
738,Ayaan Martin,Male,21,Singapore
739,Sophia Singh,Male,45,UK
740,Ava Patel,Male,31,UAE
741,Vivaan Gupta,Male,51,UAE
742,Aarav Sharma,Female,70,UK
743,Mia Wilson,Male,48,UK
744,Arjun Wilson,Male,64,UK
745,Vivaan Brown,Female,37,USA
746,Krishna Garcia,Male,59,USA
747,Vivaan Anderson,Male,57,USA
748,Ishaan Brown,Male,58,USA
749,Amelia Wilson,Female,31,UK
750,Amelia Patel,Male,66,UK
751,Olivia Lee,Female,40,Singapore
752,Ayaan Garcia,Male,33,France
753,Sophia Patel,Male,53,Italy
754,Olivia Lee,Female,67,India
755,Mia Chen,Female,31,Australia
756,Olivia Anderson,Male,65,Singapore
757,Reyansh Martin,Male,68,Canada
758,Ishaan Wilson,Male,33,UAE
759,Sophia Thomas,Male,51,India
760,Ayaan Rossi,Female,26,Singapore
761,Mia Chen,Female,41,Australia
762,Sophia Gupta,Female,67,UK
763,Aarav Thomas,Male,18,France
764,Arjun Sharma,Male,68,Singapore
765,Emma Singh,Female,45,Singapore
766,Vivaan Martin,Male,35,UK
767,Reyansh Patel,Male,69,USA
768,Emma Brown,Female,55,UK
769,Reyansh Lee,Female,64,Canada
770,Aarav Khan,Male,45,UK
771,Ishaan Thomas,Male,37,USA
772,Vivaan Sharma,Male,62,India
773,Aditya Taylor,Female,51,Australia
774,Isabella Chen,Female,28,Germany
775,Aditya Lee,Female,64,UK
776,Isabella Rossi,Male,39,Singapore
777,Reyansh Anderson,Male,34,Italy
778,Sophia Patel,Female,47,Australia
779,Ayaan Sharma,Female,54,USA
780,Ayaan Gupta,Female,67,UK
781,Amelia Thomas,Male,32,Australia
782,Aarav Sharma,Male,33,India
783,Ishaan Brown,Female,27,USA
784,Amelia Chen,Male,53,Singapore
785,Arjun Brown,Male,44,Germany
786,Reyansh Chen,Male,54,Germany
787,Vivaan Anderson,Male,29,Canada
788,Isabella Anderson,Male,43,UK
789,Amelia Taylor,Female,67,France
790,Ayaan Patel,Female,18,Germany
791,Arjun Singh,Female,65,Italy
792,Arjun Taylor,Female,55,UAE
793,Isabella Garcia,Male,64,Australia
794,Isabella Garcia,Male,27,India
795,Amelia Wilson,Male,32,Australia
796,Ayaan Martin,Male,39,India
797,Isabella Martin,Female,65,France
798,Vivaan Khan,Male,44,UAE
799,Aarav Gupta,Female,23,India
800,Amelia Khan,Female,62,Germany
801,Ishaan Lee,Male,55,UK
802,Emma Gupta,Female,22,Italy
803,Olivia Sharma,Female,60,USA
804,Arjun Singh,Female,38,Singapore
805,Ava Chen,Female,38,UAE
806,Reyansh Khan,Male,30,USA
807,Isabella Garcia,Male,27,UK
808,Aditya Taylor,Female,38,Singapore
809,Vivaan Anderson,Female,67,Canada
810,Ishaan Singh,Female,34,UK
811,Vivaan Gupta,Female,70,Italy
812,Aarav Khan,Female,27,UK
813,Ava Khan,Female,43,Australia
814,Aarav Martin,Female,34,USA
815,Aarav Wilson,Female,53,Australia
816,Arjun Patel,Female,24,USA
817,Vivaan Sharma,Male,67,Canada
818,Aditya Khan,Female,41,UK
819,Olivia Thomas,Female,70,UK
820,Aarav Patel,Male,59,UAE
821,Isabella Gupta,Male,69,Germany
822,Vivaan Sharma,Female,21,USA
823,Amelia Thomas,Female,70,Singapore
824,Ishaan Sharma,Female,61,Singapore
825,Aditya Brown,Male,29,France
826,Reyansh Taylor,Male,20,Italy
827,Olivia Thomas,Male,59,France
828,Ishaan Wilson,Female,21,UK
829,Reyansh Wilson,Male,44,Canada
830,Sophia Rossi,Male,58,Australia
831,Isabella Sharma,Female,68,Germany
832,Ishaan Anderson,Female,40,Italy
833,Emma Brown,Female,35,USA
834,Aarav Brown,Male,19,France
835,Aarav Garcia,Female,51,Germany
836,Isabella Thomas,Male,28,UK
837,Arjun Martin,Male,35,Australia
838,Mia Garcia,Male,66,Canada
839,Olivia Chen,Female,40,USA
840,Aditya Khan,Female,69,Germany
841,Amelia Thomas,Male,63,Germany
842,Olivia Thomas,Male,54,Canada
843,Mia Garcia,Female,52,France
844,Aditya Taylor,Male,23,India
845,Arjun Thomas,Male,19,Australia
846,Ishaan Sharma,Female,57,Canada
847,Isabella Gupta,Female,63,USA
848,Amelia Garcia,Female,21,India
849,Aditya Thomas,Male,67,UK
850,Mia Anderson,Female,22,Germany
851,Ava Martin,Female,55,UK
852,Ayaan Singh,Female,26,USA
853,Ava Wilson,Female,59,Germany
854,Aditya Lee,Female,32,Italy
855,Mia Gupta,Female,37,France
856,Aditya Gupta,Male,62,Italy
857,Krishna Chen,Male,29,Italy
858,Ayaan Rossi,Male,58,Italy
859,Vivaan Rossi,Female,27,Germany
860,Ava Patel,Male,40,Germany
861,Aditya Martin,Male,70,Germany
862,Ishaan Sharma,Female,31,Canada
863,Ava Patel,Female,34,UK
864,Ava Sharma,Male,42,UAE
865,Ava Wilson,Male,44,UAE
866,Amelia Wilson,Female,52,Singapore
867,Vivaan Chen,Female,68,Italy
868,Sophia Garcia,Male,28,UAE
869,Vivaan Garcia,Male,36,India
870,Ayaan Singh,Male,22,Germany
871,Aditya Rossi,Female,28,UK
872,Emma Rossi,Male,39,Italy
873,Olivia Rossi,Female,63,India
874,Krishna Martin,Male,56,Singapore
875,Aditya Sharma,Male,39,Canada
876,Arjun Wilson,Female,60,France
877,Reyansh Khan,Male,21,Singapore
878,Olivia Anderson,Female,27,India
879,Ayaan Sharma,Female,23,France
880,Mia Martin,Female,30,UK
881,Aarav Khan,Male,58,France
882,Vivaan Taylor,Male,37,Singapore
883,Ishaan Taylor,Female,23,Australia
884,Krishna Gupta,Female,42,Germany
885,Aditya Taylor,Male,34,UAE
886,Ishaan Singh,Male,35,Italy
887,Aarav Gupta,Male,23,Germany
888,Isabella Anderson,Female,66,Italy
889,Arjun Anderson,Male,42,Australia
890,Krishna Anderson,Female,54,Canada
891,Ishaan Singh,Male,43,India
892,Emma Thomas,Male,25,UAE
893,Aditya Gupta,Male,69,Canada
894,Aditya Sharma,Female,23,Singapore
895,Arjun Chen,Male,56,France
896,Ayaan Rossi,Male,23,Singapore
897,Emma Wilson,Female,35,Australia
898,Ishaan Rossi,Male,68,Italy
899,Olivia Anderson,Female,25,Singapore
900,Aditya Gupta,Male,24,Italy
901,Isabella Patel,Female,52,Germany
902,Amelia Wilson,Female,42,UAE
903,Olivia Thomas,Female,20,USA
904,Reyansh Wilson,Male,57,Italy
905,Sophia Lee,Female,20,Singapore
906,Amelia Rossi,Female,62,Canada
907,Aarav Lee,Female,35,Germany
908,Aarav Brown,Female,37,France
909,Mia Taylor,Male,32,USA
910,Reyansh Lee,Female,67,Germany
911,Reyansh Lee,Female,56,UK
912,Arjun Taylor,Male,70,Singapore
913,Ava Taylor,Female,70,India
914,Emma Garcia,Male,22,France
915,Ava Anderson,Female,26,Australia
916,Amelia Thomas,Male,29,Canada
917,Amelia Chen,Male,21,Canada
918,Aarav Taylor,Male,41,Canada
919,Reyansh Brown,Female,50,Singapore
920,Sophia Rossi,Male,61,India
921,Arjun Brown,Female,56,UAE
922,Aditya Chen,Female,55,Australia
923,Ayaan Brown,Male,34,UK
924,Reyansh Sharma,Female,21,USA
925,Mia Thomas,Male,32,Canada
926,Sophia Khan,Female,59,Singapore
927,Emma Sharma,Male,48,USA
928,Sophia Gupta,Male,32,France
929,Olivia Garcia,Female,63,France
930,Krishna Rossi,Female,40,UAE
931,Reyansh Khan,Female,37,Australia
932,Mia Thomas,Female,55,UK
933,Aarav Anderson,Female,53,Italy
934,Olivia Singh,Female,61,UK
935,Ishaan Patel,Female,35,Germany
936,Mia Singh,Female,59,France
937,Arjun Gupta,Male,21,Italy
938,Krishna Martin,Female,61,USA
939,Ava Sharma,Female,36,France
940,Amelia Wilson,Female,42,India
941,Olivia Lee,Male,39,Canada
942,Sophia Anderson,Female,60,Germany
943,Emma Singh,Male,60,Australia
944,Aditya Singh,Male,48,USA
945,Ava Singh,Male,61,Germany
946,Sophia Patel,Male,40,Canada
947,Ava Chen,Female,44,Germany
948,Ayaan Singh,Female,47,UK
949,Ishaan Sharma,Male,48,Canada
950,Emma Patel,Female,51,France
951,Krishna Sharma,Male,26,Canada
952,Ayaan Wilson,Female,27,Germany
953,Mia Lee,Male,67,UK
954,Ishaan Brown,Male,38,India
955,Aarav Taylor,Female,31,USA
956,Olivia Garcia,Male,49,UK
957,Aditya Thomas,Female,58,Singapore
958,Krishna Wilson,Female,42,India
959,Aarav Anderson,Male,64,Germany
960,Aarav Rossi,Female,66,Australia
961,Arjun Sharma,Male,58,Canada
962,Arjun Lee,Female,37,USA
963,Vivaan Wilson,Female,28,UK
964,Mia Sharma,Female,36,UAE
965,Ava Anderson,Female,45,USA
966,Ayaan Rossi,Female,40,Canada
967,Aditya Rossi,Female,19,Canada
968,Arjun Lee,Male,31,India
969,Olivia Anderson,Male,25,Germany
970,Ava Martin,Male,42,France
971,Isabella Anderson,Male,56,India
972,Sophia Patel,Male,21,UK
973,Krishna Taylor,Female,25,Australia
974,Reyansh Taylor,Male,31,India
975,Reyansh Wilson,Male,60,Australia
976,Reyansh Thomas,Male,44,UK
977,Emma Lee,Male,36,UK
978,Isabella Patel,Female,30,Italy
979,Arjun Garcia,Female,51,Canada
980,Ayaan Lee,Female,36,USA
981,Aarav Anderson,Female,31,UAE
982,Ayaan Khan,Male,18,UK
983,Amelia Patel,Female,27,UK
984,Isabella Anderson,Male,64,UK
985,Amelia Singh,Male,47,France
986,Reyansh Taylor,Male,24,USA
987,Mia Sharma,Female,41,Germany
988,Krishna Lee,Male,24,India
989,Aarav Chen,Male,60,USA
990,Ayaan Brown,Female,57,France
991,Amelia Lee,Male,41,Germany
992,Aditya Patel,Female,43,UAE
993,Reyansh Chen,Female,62,UAE
994,Isabella Wilson,Male,25,USA
995,Ava Lee,Male,28,UK
996,Krishna Rossi,Female,69,Italy
997,Sophia Taylor,Male,57,Singapore
998,Isabella Brown,Male,61,USA
999,Ishaan Rossi,Female,25,Singapore
1000,Ishaan Sharma,Male,34,Germany
